{
  "lean_test": 17.64990676629619,
  "lean_train": 18.623253237787637,
  "lean_cv": 18.790055750192398,
  "lean_alpha": 0.5,
  "lean_n": 20,
  "ext_test": 17.615929659059447,
  "ext_train": 18.50873121734176,
  "ext_cv": 18.761581788083525,
  "rbf_test": 16.729849495844558,
  "rbf_train": 15.808931636846522,
  "rbf_cv": 18.41456906573304,
  "poly_test": 16.715074423568577,
  "poly_train": 16.634133224005556,
  "poly_cv": 18.089859179968535,
  "stacked_test": 16.54423273186923,
  "stacked_train": 18.022696104484943,
  "stacked_cv": 18.02171322081354,
  "meta_weights": [
    0.3500997080246123,
    0.2463824677703178,
    0.4032058109829782
  ],
  "xgb_conservative": 15.621,
  "xgb_early_stop": 15.284
}