{
  "lean_test": 17.6246189906301,
  "lean_train": 18.650886561341164,
  "lean_cv": 18.82075265702335,
  "lean_alpha": 0.5,
  "lean_n": 20,
  "ext_test": 17.64824820529093,
  "ext_train": 18.56219263734798,
  "ext_cv": 18.825359805473344,
  "rbf_test": 16.687808780356814,
  "poly_test": 16.65127494111178,
  "stacked_test": 16.51886860550602,
  "meta_weights": [
    0.3419054341977776,
    0.24625884723239974,
    0.4120711621808857
  ],
  "xgb_conservative": 15.621,
  "xgb_early_stop": 15.284
}